[{"pk": 1, "model": "hacksu.appslink", "fields": {"url": "http://simplewa.sh", "title": "SimpleWash Homepage"}}, {"pk": 2, "model": "hacksu.appslink", "fields": {"url": "https://github.com/akonya/ResponseGenome reme.sh", "title": "Github Project (Remesh)"}}, {"pk": 1, "model": "hacksu.apps", "fields": {"description": "You spent the last four years being a college kid. And that's wonderful. But a lot can happen in four years, and Facebook never forgets. You partied. You befriended some questionable characters. Heck, you just lived your life and did your thing - and now, you've got the posts and pics to show it.\r\n\r\nBut do you have the time and energy and robotic perfection to hunt down all those little details? No! And even if you just said, \"Yes!\", you're wrong. These things creep into the corners of the internet and lie in wait for the day you decide to BECOME A PROFESSIONAL.\r\n\r\nThat's right, GROW UP. But avoid those growing pains and maintain a fresh face - easily - with SimpleWash. Wash away all those dirty little jokes and those late night snapshots, those forgotten \"likes.\" Keep track of all the dirt and grime that attaches to your social self and make you STAY FRESH.", "links": [1], "title": "SimpleWash"}}, {"pk": 2, "model": "hacksu.apps", "fields": {"description": "A tool for collective thinking.  Remesh allows a group of people (a mesh) to respond as a single unit to questions or events, or simply to speak as one.  The collective response is that which represents the collective thinking of the group.  This is achieved through the use of an evolving set of responses, where evolutionary outcomes are based on mesh user feedback, and languages models are used to create new responses species based on currently dominating responses.  \r\n\r\nThe goal of this project is to allow large groups of people,from local communities to continents to be able to speak as one, so that their voices may be heard directly.\r\n\r\nTeam Members: Andrew Konya, Alisha Konya, Konstantin Khitrin, Eli Gundry", "links": [2], "title": "Remesh"}}, {"pk": 1, "model": "hacksu.newslink", "fields": {"url": "https://www.hackerleague.org/hackathons/kent-hack-enough", "title": "Hacker League (Kent Hack Enough)"}}, {"pk": 2, "model": "hacksu.newslink", "fields": {"url": "http://hacksu.cs.kent.edu/hackathon2013s/", "title": "Kent Hack Enough Page"}}, {"pk": 3, "model": "hacksu.newslink", "fields": {"url": "https://www.facebook.com/events/458274990906408/", "title": "Facebook Event (Student Network)"}}, {"pk": 4, "model": "hacksu.newslink", "fields": {"url": "https://www.facebook.com/events/134246566747240/", "title": "Facebook Event (Kent Hack Enough)"}}, {"pk": 5, "model": "hacksu.newslink", "fields": {"url": "http://imakewebthings.com/deck.js/", "title": "deck.js"}}, {"pk": 6, "model": "hacksu.newslink", "fields": {"url": "http://simianstudios.com/portamento/", "title": "Portamento.js"}}, {"pk": 7, "model": "hacksu.newslink", "fields": {"url": "https://github.com/JoelBesada/scrollpath", "title": "scrollpath"}}, {"pk": 8, "model": "hacksu.newslink", "fields": {"url": "https://developer.mozilla.org/en-US/demos/detail/paperfold-css", "title": "Paperfold CSS"}}, {"pk": 9, "model": "hacksu.newslink", "fields": {"url": "http://socialitejs.com/", "title": "Socialite.js"}}, {"pk": 10, "model": "hacksu.newslink", "fields": {"url": "http://www.frequency-decoder.com/demo/slabText/", "title": "slabText"}}, {"pk": 11, "model": "hacksu.newslink", "fields": {"url": "http://needim.github.com/noty/", "title": "noty"}}, {"pk": 12, "model": "hacksu.newslink", "fields": {"url": "http://fabien-d.github.com/alertify.js/", "title": "ALERTIFY.js"}}, {"pk": 13, "model": "hacksu.newslink", "fields": {"url": "http://isotope.metafizzy.co/", "title": "Isotope"}}, {"pk": 14, "model": "hacksu.newslink", "fields": {"url": "http://tryruby.org/", "title": "Try Ruby"}}, {"pk": 15, "model": "hacksu.newslink", "fields": {"url": "http://ruby.railstutorial.org/", "title": "Ruby on Rails Tutorial"}}, {"pk": 16, "model": "hacksu.newslink", "fields": {"url": "http://railsforzombies.org/", "title": "Rails for Zombies"}}, {"pk": 17, "model": "hacksu.newslink", "fields": {"url": "http://railsinstaller.org/", "title": "RailsInstaller"}}, {"pk": 18, "model": "hacksu.newslink", "fields": {"url": "http://blog.teamtreehouse.com/reasons-why-every-web-designer-needs-to-learn-rails", "title": "20 Reasons To Learn Rails"}}, {"pk": 19, "model": "hacksu.newslink", "fields": {"url": "http://www.microsoft.com/visualstudio/eng/downloads#d-2012-express", "title": "Visual Studio Express 2012"}}, {"pk": 20, "model": "hacksu.newslink", "fields": {"url": "https://developer.apple.com/library/mac/#documentation/AppleScript/Conceptual/AppleScriptX/AppleScriptX.html", "title": "Introduction to AppleScript Overview"}}, {"pk": 21, "model": "hacksu.newslink", "fields": {"url": "http://www.python.org/", "title": "Python Programming Language"}}, {"pk": 22, "model": "hacksu.newslink", "fields": {"url": "http://sass-lang.com/", "title": "Sass"}}, {"pk": 23, "model": "hacksu.newslink", "fields": {"url": "http://coffeescript.org/", "title": "CoffeeScript"}}, {"pk": 24, "model": "hacksu.newslink", "fields": {"url": "http://compass-style.org/", "title": "Compass"}}, {"pk": 25, "model": "hacksu.newslink", "fields": {"url": "http://hacksu.github.io/MyFirstTextEditor/", "title": "My First Text Editor "}}, {"pk": 26, "model": "hacksu.newslink", "fields": {"url": "http://hacksu.github.io/MyFirstWebsite-Workshop/", "title": "My First Website - Workshop"}}, {"pk": 27, "model": "hacksu.newslink", "fields": {"url": "http://hacksu.github.io/HTML5APIs-Workshop/", "title": "HTML5 APIs - Workshop"}}, {"pk": 1, "model": "hacksu.newstopic", "fields": {"title": "Spring 2013 Hackathon"}}, {"pk": 2, "model": "hacksu.newstopic", "fields": {"title": "Networking Event"}}, {"pk": 3, "model": "hacksu.newstopic", "fields": {"title": "JavaScript"}}, {"pk": 4, "model": "hacksu.newstopic", "fields": {"title": "CSS"}}, {"pk": 5, "model": "hacksu.newstopic", "fields": {"title": "Ruby on Rails"}}, {"pk": 6, "model": "hacksu.newstopic", "fields": {"title": "C#"}}, {"pk": 7, "model": "hacksu.newstopic", "fields": {"title": "AppleScript"}}, {"pk": 8, "model": "hacksu.newstopic", "fields": {"title": "Python"}}, {"pk": 9, "model": "hacksu.newstopic", "fields": {"title": "Sass"}}, {"pk": 10, "model": "hacksu.newstopic", "fields": {"title": "CoffeeScript"}}, {"pk": 11, "model": "hacksu.newstopic", "fields": {"title": "My First Text Editor "}}, {"pk": 12, "model": "hacksu.newstopic", "fields": {"title": "My First Website "}}, {"pk": 13, "model": "hacksu.newstopic", "fields": {"title": "HTML5 APIs"}}, {"pk": 1, "model": "hacksu.news", "fields": {"date": "2013-02-28", "topics": [1], "description": "On March 8th to the 10th hacKSU will be hosting a hackathon! 37 hours hacking away at those wild and wooly applications you've been dreaming up. With a bunch of other hackers - hacking a really, really good time. With delicious food. And cool prizes. Sign up on our hacker league page and check out all the details on our page below!", "links": [1, 2, 4], "title": "Kent Hack Enough"}}, {"pk": 2, "model": "hacksu.news", "fields": {"date": "2013-02-26", "topics": [2], "description": "LaunchPad's 2nd student networking. \r\n\r\nFree food and refreshments!\r\n\r\nWelcome student entrepreneurs, programmers, marketers, graphic designers, accountants, freelancers, and any others interested or feeling creative.\r\n\r\nBuild connections, ideas or business partners.", "links": [3], "title": "Student Networking"}}, {"pk": 3, "model": "hacksu.news", "fields": {"date": "2013-03-18", "topics": [3, 4], "description": "This week's meeting we are going to take a look some awesome javascript libraries on the web. Go ahead and check them out. We are sure that you will want to start using them right away!", "links": [5, 6, 7, 8, 9, 10, 11, 12, 13], "title": "Awesome JavaScript Libraries"}}, {"pk": 4, "model": "hacksu.news", "fields": {"date": "2013-04-01", "topics": [5], "description": "This week coming up we will be giving a Ruby on Rails presentation! Ruby on Rails is a great web framework that has proved to be very reliable and super scalable over the years. It is one of the most used web frameworks in Computer Science. \r\n\r\nIn order to get started for next week you young hackers must be sure to come prepared and ready to learn for Tuesday. This involves getting your Rails environment set up correctly. Below is the single best tool to installing Rails on your machine. It will include all the packages necessary and should get you up in running in no time.\r\n\r\nIf you have any problems please just send us an email and we will work it out. We should also be at the meeting an hour early in case you need some hands on expertise. ;)", "links": [14, 15, 16, 17], "title": "Introduction to Ruby and Rails"}}, {"pk": 5, "model": "hacksu.news", "fields": {"date": "2013-04-15", "topics": [6, 7, 8], "description": "This Tuesday on the 3rd floor of the Math and Computer Science building, we are going to get into some really cool stuff! We will be offering 3 different topics AT THE SAME TIME. Why? Cause they\u2019re platform dependent! For Windows folks, we will be having a session on C# (taught by CS department\u2019s very own Eric Soros!), and for Mac folks, we will be having a session on AppleScript. For Linux folks, we can do some good old Python. You can do amazing things with these languages! Come ready for some fun and food!", "links": [19, 20, 21], "title": "Learning C#, AppleScript, and Python"}}, {"pk": 6, "model": "hacksu.news", "fields": {"date": "2013-04-23", "topics": [3, 4, 9, 10], "description": "This week (Tuesday at 7pm in the MSB Library) we thought we should get back to web development and talk about preprocessing languages that are available. We will cover Sass for CSS and CoffeeScript for Javascript both of which are detailed below. These are some key languages to learn for the web development space and will make you an even better coder! What\u2019s even better is that you can start using these for your Rails projects that we started last week. As always come hungry and lets have a good time learning some wicked cool languages. Sass (Syntactically Awesome Stylesheets) is an extension of CSS3, adding nested rules, variables, mixins, selector inheritance, and more. It's translated to well-formatted, standard CSS using the command line tool or a web-framework plugin. CoffeeScript is a little language that compiles into JavaScript. Underneath that awkward Java-esque patina, JavaScript has always had a gorgeous heart. CoffeeScript is an attempt to expose the good parts of JavaScript in a simple way.", "links": [22, 23, 24], "title": "Hack Sass while you drink some CoffeeScript!"}}, {"pk": 7, "model": "hacksu.news", "fields": {"date": "2013-09-03", "topics": [11, 12, 13], "description": "We will be splitting up into two sections: the first section will be learning to develop their very own website and the second will be focusing on some sweet HTML5 APIs. All workshop material can be found on our GitHub page by following the links below. Let's have a great start to the year!", "links": [25, 26, 27], "title": "Web workshop"}}, {"pk": 1, "model": "hacksu.leader", "fields": {"website": "http://www.camdenfullmer.com/", "position": "Founder", "description": "A student at Kent State University, Camden Fullmer is currently studying Computer Science and Applied Mathematics. He is also interning at Kent Displays Inc. as the head of mobile applications development. Design is always on his mind and nothing is safe from his critiquing. At the same time, he likes to keep it real with very technical backend work.", "name": "Camden Fullmer", "email": "camdenfullmer@gmail.com"}}, {"pk": 2, "model": "hacksu.leader", "fields": {"website": "http://danielgur.com/", "position": "Founder", "description": "Daniel was born and raised in Johannesburg, South Africa. Currently studying Computer Science and Applied Mathematics at Kent State University. Interned at Google, New York in May and will be returning in May 2013 to do another internship. Enjoy mobile and web development!", "name": "Daniel Gur", "email": "danielgur2105@gmail.com"}}, {"pk": 3, "model": "hacksu.leader", "fields": {"website": "http://davidasteinberg.com/", "position": "Founder", "description": "David is currently pursuing degrees in Computer Science and Electronic Media Production at Kent State University and is researching for his Honors Thesis, \"Developing an Easily Accessible Web Framework.\" He is an intern at Kent Displays Inc. as the Macintosh programming lead. Text mining and API development are his greatest interests, stemming from a life-long love of all things linguistic.", "name": "David \"D\u00e0w\u00e8i\" Steinberg ", "email": "davidandrewsteinberg@gmail.com"}}]